date,sku_id,on_hand_units,on_order_units,lead_time_days,reorder_point
2024-01-01,SKU01,224,0,7,81
2024-01-01,SKU02,278,84,7,109
2024-01-01,SKU03,122,0,14,109
2024-01-01,SKU04,109,0,14,127
2024-01-01,SKU05,93,0,14,91
2024-01-01,SKU06,88,0,21,81
2024-01-01,SKU07,58,0,14,72
2024-01-01,SKU08,249,0,7,91
2024-01-01,SKU09,16,10,14,27
2024-01-01,SKU10,83,35,28,182
2024-01-01,SKU11,92,21,42,163
2024-01-01,SKU12,104,0,35,136
2024-01-08,SKU01,192,59,7,76
2024-01-08,SKU02,339,108,7,140
2024-01-08,SKU03,187,0,14,122
2024-01-08,SKU04,198,0,14,169
2024-01-08,SKU05,119,49,14,127
2024-01-08,SKU06,97,29,21,113
2024-01-08,SKU07,138,0,14,96
2024-01-08,SKU08,183,0,7,124
2024-01-08,SKU09,27,7,14,18
2024-01-08,SKU10,118,0,28,208
2024-01-08,SKU11,102,0,42,163
2024-01-08,SKU12,75,0,35,130
2024-01-15,SKU01,94,0,7,71
2024-01-15,SKU02,342,99,7,128
2024-01-15,SKU03,190,0,14,122
2024-01-15,SKU04,130,66,14,172
2024-01-15,SKU05,115,0,14,122
2024-01-15,SKU06,108,0,21,117
2024-01-15,SKU07,78,32,14,84
2024-01-15,SKU08,281,92,7,120
2024-01-15,SKU09,28,0,14,20
2024-01-15,SKU10,187,0,28,205
2024-01-15,SKU11,112,0,42,179
2024-01-15,SKU12,101,0,35,139
2024-01-22,SKU01,250,58,7,76
2024-01-22,SKU02,356,0,7,133
2024-01-22,SKU03,142,0,14,131
2024-01-22,SKU04,310,67,14,174
2024-01-22,SKU05,201,54,14,142
2024-01-22,SKU06,148,37,21,144
2024-01-22,SKU07,117,0,14,94
2024-01-22,SKU08,335,0,7,125
2024-01-22,SKU09,30,0,14,18
2024-01-22,SKU10,89,44,28,232
2024-01-22,SKU11,45,0,42,179
2024-01-22,SKU12,79,0,35,136
2024-01-29,SKU01,200,0,7,90
2024-01-29,SKU02,522,0,7,146
2024-01-29,SKU03,263,58,14,150
2024-01-29,SKU04,289,0,14,187
2024-01-29,SKU05,173,0,14,146
2024-01-29,SKU06,111,45,21,176
2024-01-29,SKU07,115,35,14,92
2024-01-29,SKU08,301,99,7,128
2024-01-29,SKU09,38,0,14,24
2024-01-29,SKU10,73,0,28,245
2024-01-29,SKU11,110,0,42,183
2024-01-29,SKU12,60,0,35,165
2024-02-05,SKU01,213,67,7,87
2024-02-05,SKU02,433,0,7,138
2024-02-05,SKU03,144,56,14,145
2024-02-05,SKU04,173,70,14,182
2024-02-05,SKU05,148,0,14,139
2024-02-05,SKU06,66,44,21,172
2024-02-05,SKU07,52,34,14,89
2024-02-05,SKU08,165,0,7,120
2024-02-05,SKU09,40,9,14,25
2024-02-05,SKU10,132,45,28,234
2024-02-05,SKU11,76,0,42,179
2024-02-05,SKU12,49,26,35,174
2024-02-12,SKU01,198,0,7,81
2024-02-12,SKU02,233,105,7,136
2024-02-12,SKU03,94,52,14,136
2024-02-12,SKU04,228,0,14,174
2024-02-12,SKU05,242,0,14,139
2024-02-12,SKU06,115,0,21,166
2024-02-12,SKU07,90,33,14,87
2024-02-12,SKU08,272,86,7,112
2024-02-12,SKU09,23,8,14,22
2024-02-12,SKU10,82,0,28,221
2024-02-12,SKU11,121,0,42,192
2024-02-12,SKU12,47,0,35,175
2024-02-19,SKU01,304,0,7,84
2024-02-19,SKU02,243,104,7,135
2024-02-19,SKU03,133,51,14,132
2024-02-19,SKU04,102,66,14,171
2024-02-19,SKU05,136,51,14,134
2024-02-19,SKU06,176,0,21,163
2024-02-19,SKU07,92,0,14,86
2024-02-19,SKU08,330,0,7,106
2024-02-19,SKU09,37,8,14,21
2024-02-19,SKU10,83,0,28,218
2024-02-19,SKU11,91,24,42,187
2024-02-19,SKU12,105,0,35,178
2024-02-26,SKU01,140,0,7,86
2024-02-26,SKU02,272,104,7,135
2024-02-26,SKU03,133,49,14,129
2024-02-26,SKU04,145,0,14,169
2024-02-26,SKU05,186,51,14,134
2024-02-26,SKU06,176,40,21,156
2024-02-26,SKU07,124,33,14,87
2024-02-26,SKU08,339,0,7,102
2024-02-26,SKU09,13,0,14,23
2024-02-26,SKU10,138,40,28,211
2024-02-26,SKU11,53,0,42,185
2024-02-26,SKU12,140,28,35,184
2024-03-04,SKU01,185,0,7,88
2024-03-04,SKU02,318,104,7,136
2024-03-04,SKU03,140,48,14,127
2024-03-04,SKU04,144,0,14,163
2024-03-04,SKU05,120,51,14,134
2024-03-04,SKU06,105,40,21,156
2024-03-04,SKU07,107,0,14,83
2024-03-04,SKU08,163,0,7,94
2024-03-04,SKU09,31,0,14,23
2024-03-04,SKU10,127,39,28,202
2024-03-04,SKU11,95,24,42,189
2024-03-04,SKU12,63,29,35,188
2024-03-11,SKU01,120,0,7,92
2024-03-11,SKU02,312,0,7,135
2024-03-11,SKU03,103,0,14,120
2024-03-11,SKU04,98,0,14,157
2024-03-11,SKU05,166,0,14,136
2024-03-11,SKU06,195,0,21,156
2024-03-11,SKU07,142,0,14,80
2024-03-11,SKU08,254,67,7,87
2024-03-11,SKU09,45,9,14,24
2024-03-11,SKU10,127,0,28,197
2024-03-11,SKU11,99,24,42,190
2024-03-11,SKU12,70,0,35,204
2024-03-18,SKU01,274,72,7,94
2024-03-18,SKU02,333,100,7,130
2024-03-18,SKU03,102,43,14,112
2024-03-18,SKU04,110,0,14,154
2024-03-18,SKU05,212,0,14,130
2024-03-18,SKU06,84,0,21,148
2024-03-18,SKU07,126,0,14,72
2024-03-18,SKU08,265,0,7,80
2024-03-18,SKU09,41,0,14,25
2024-03-18,SKU10,173,35,28,183
2024-03-18,SKU11,114,24,42,193
2024-03-18,SKU12,91,0,35,220
2024-03-25,SKU01,335,69,7,90
2024-03-25,SKU02,277,90,7,118
2024-03-25,SKU03,168,0,14,96
2024-03-25,SKU04,158,56,14,146
2024-03-25,SKU05,116,47,14,123
2024-03-25,SKU06,151,33,21,132
2024-03-25,SKU07,129,27,14,71
2024-03-25,SKU08,117,54,7,71
2024-03-25,SKU09,24,0,14,22
2024-03-25,SKU10,79,0,28,171
2024-03-25,SKU11,104,24,42,191
2024-03-25,SKU12,105,0,35,215
2024-04-01,SKU01,331,0,7,95
2024-04-01,SKU02,217,89,7,116
2024-04-01,SKU03,59,0,14,95
2024-04-01,SKU04,198,0,14,143
2024-04-01,SKU05,208,0,14,120
2024-04-01,SKU06,78,32,21,125
2024-04-01,SKU07,104,0,14,69
2024-04-01,SKU08,227,0,7,67
2024-04-01,SKU09,14,0,14,23
2024-04-01,SKU10,101,0,28,176
2024-04-01,SKU11,89,0,42,196
2024-04-01,SKU12,101,0,35,226
2024-04-08,SKU01,315,0,7,100
2024-04-08,SKU02,202,0,7,112
2024-04-08,SKU03,69,37,14,97
2024-04-08,SKU04,176,0,14,140
2024-04-08,SKU05,98,0,14,117
2024-04-08,SKU06,157,0,21,122
2024-04-08,SKU07,80,26,14,67
2024-04-08,SKU08,205,50,7,65
2024-04-08,SKU09,20,9,14,25
2024-04-08,SKU10,114,32,28,170
2024-04-08,SKU11,49,23,42,186
2024-04-08,SKU12,87,0,35,234
2024-04-15,SKU01,186,77,7,100
2024-04-15,SKU02,202,0,7,110
2024-04-15,SKU03,125,36,14,95
2024-04-15,SKU04,223,0,14,138
2024-04-15,SKU05,77,45,14,118
2024-04-15,SKU06,123,29,21,114
2024-04-15,SKU07,74,24,14,64
2024-04-15,SKU08,126,0,7,64
2024-04-15,SKU09,27,0,14,26
2024-04-15,SKU10,112,0,28,165
2024-04-15,SKU11,89,24,42,189
2024-04-15,SKU12,177,0,35,238
2024-04-22,SKU01,364,77,7,100
2024-04-22,SKU02,341,0,7,109
2024-04-22,SKU03,72,37,14,98
2024-04-22,SKU04,209,51,14,133
2024-04-22,SKU05,124,0,14,117
2024-04-22,SKU06,103,0,21,114
2024-04-22,SKU07,54,0,14,56
2024-04-22,SKU08,220,47,7,62
2024-04-22,SKU09,31,10,14,26
2024-04-22,SKU10,110,0,28,165
2024-04-22,SKU11,88,0,42,182
2024-04-22,SKU12,60,38,35,247
2024-04-29,SKU01,310,0,7,105
2024-04-29,SKU02,240,0,7,105
2024-04-29,SKU03,111,37,14,98
2024-04-29,SKU04,233,51,14,134
2024-04-29,SKU05,182,43,14,112
2024-04-29,SKU06,66,29,21,115
2024-04-29,SKU07,86,21,14,55
2024-04-29,SKU08,193,45,7,59
2024-04-29,SKU09,46,10,14,27
2024-04-29,SKU10,78,0,28,169
2024-04-29,SKU11,94,22,42,173
2024-04-29,SKU12,76,0,35,258
2024-05-06,SKU01,396,0,7,104
2024-05-06,SKU02,213,79,7,103
2024-05-06,SKU03,59,39,14,101
2024-05-06,SKU04,79,0,14,130
2024-05-06,SKU05,83,41,14,108
2024-05-06,SKU06,119,0,21,104
2024-05-06,SKU07,59,0,14,54
2024-05-06,SKU08,173,0,7,60
2024-05-06,SKU09,21,12,14,31
2024-05-06,SKU10,79,33,28,174
2024-05-06,SKU11,49,0,42,166
2024-05-06,SKU12,75,0,35,260
2024-05-13,SKU01,132,84,7,109
2024-05-13,SKU02,371,82,7,106
2024-05-13,SKU03,196,41,14,108
2024-05-13,SKU04,76,49,14,128
2024-05-13,SKU05,196,40,14,104
2024-05-13,SKU06,73,25,21,97
2024-05-13,SKU07,92,0,14,59
2024-05-13,SKU08,177,46,7,59
2024-05-13,SKU09,55,0,14,32
2024-05-13,SKU10,149,34,28,181
2024-05-13,SKU11,104,0,42,175
2024-05-13,SKU12,110,41,35,267
2024-05-20,SKU01,345,90,7,117
2024-05-20,SKU02,147,87,7,113
2024-05-20,SKU03,155,0,14,114
2024-05-20,SKU04,136,0,14,126
2024-05-20,SKU05,168,41,14,108
2024-05-20,SKU06,51,23,21,91
2024-05-20,SKU07,98,23,14,59
2024-05-20,SKU08,168,0,7,62
2024-05-20,SKU09,62,0,14,36
2024-05-20,SKU10,96,37,28,193
2024-05-20,SKU11,100,23,42,179
2024-05-20,SKU12,90,42,35,278
2024-05-27,SKU01,263,0,7,120
2024-05-27,SKU02,139,89,7,116
2024-05-27,SKU03,161,0,14,114
2024-05-27,SKU04,154,0,14,121
2024-05-27,SKU05,123,0,14,108
2024-05-27,SKU06,58,0,21,83
2024-05-27,SKU07,98,0,14,56
2024-05-27,SKU08,153,48,7,63
2024-05-27,SKU09,51,0,14,33
2024-05-27,SKU10,64,0,28,185
2024-05-27,SKU11,75,22,42,171
2024-05-27,SKU12,85,0,35,274
2024-06-03,SKU01,371,0,7,120
2024-06-03,SKU02,223,89,7,116
2024-06-03,SKU03,120,42,14,110
2024-06-03,SKU04,197,45,14,118
2024-06-03,SKU05,94,0,14,102
2024-06-03,SKU06,90,18,21,72
2024-06-03,SKU07,38,21,14,55
2024-06-03,SKU08,201,0,7,64
2024-06-03,SKU09,21,0,14,33
2024-06-03,SKU10,165,0,28,193
2024-06-03,SKU11,85,0,42,171
2024-06-03,SKU12,155,42,35,277
2024-06-10,SKU01,305,0,7,121
2024-06-10,SKU02,385,85,7,110
2024-06-10,SKU03,187,43,14,114
2024-06-10,SKU04,181,0,14,111
2024-06-10,SKU05,156,37,14,98
2024-06-10,SKU06,46,0,21,67
2024-06-10,SKU07,64,0,14,57
2024-06-10,SKU08,103,0,7,66
2024-06-10,SKU09,30,0,14,35
2024-06-10,SKU10,64,0,28,192
2024-06-10,SKU11,74,21,42,167
2024-06-10,SKU12,155,42,35,276
2024-06-17,SKU01,381,0,7,122
2024-06-17,SKU02,357,0,7,108
2024-06-17,SKU03,178,43,14,112
2024-06-17,SKU04,178,42,14,110
2024-06-17,SKU05,83,0,14,93
2024-06-17,SKU06,63,15,21,58
2024-06-17,SKU07,44,0,14,62
2024-06-17,SKU08,166,0,7,67
2024-06-17,SKU09,39,0,14,34
2024-06-17,SKU10,153,37,28,193
2024-06-17,SKU11,36,22,42,171
2024-06-17,SKU12,167,0,35,261
2024-06-24,SKU01,367,95,7,124
2024-06-24,SKU02,146,81,7,105
2024-06-24,SKU03,208,0,14,115
2024-06-24,SKU04,81,0,14,105
2024-06-24,SKU05,63,0,14,91
2024-06-24,SKU06,46,12,21,50
2024-06-24,SKU07,56,23,14,61
2024-06-24,SKU08,266,55,7,71
2024-06-24,SKU09,43,13,14,34
2024-06-24,SKU10,95,0,28,191
2024-06-24,SKU11,46,0,42,169
2024-06-24,SKU12,82,39,35,256
2024-07-01,SKU01,166,0,7,127
2024-07-01,SKU02,173,0,7,105
2024-07-01,SKU03,134,0,14,117
2024-07-01,SKU04,78,39,14,103
2024-07-01,SKU05,69,0,14,89
2024-07-01,SKU06,55,0,21,46
2024-07-01,SKU07,113,0,14,62
2024-07-01,SKU08,111,57,7,74
2024-07-01,SKU09,49,12,14,32
2024-07-01,SKU10,58,36,28,190
2024-07-01,SKU11,86,22,42,174
2024-07-01,SKU12,143,37,35,245
2024-07-08,SKU01,215,95,7,123
2024-07-08,SKU02,271,0,7,102
2024-07-08,SKU03,85,0,14,111
2024-07-08,SKU04,148,0,14,98
2024-07-08,SKU05,68,32,14,85
2024-07-08,SKU06,23,0,21,41
2024-07-08,SKU07,42,0,14,62
2024-07-08,SKU08,243,0,7,76
2024-07-08,SKU09,49,0,14,30
2024-07-08,SKU10,124,0,28,184
2024-07-08,SKU11,37,0,42,163
2024-07-08,SKU12,151,0,35,231
2024-07-15,SKU01,443,0,7,117
2024-07-15,SKU02,317,0,7,97
2024-07-15,SKU03,120,0,14,115
2024-07-15,SKU04,123,35,14,91
2024-07-15,SKU05,102,30,14,78
2024-07-15,SKU06,34,8,21,34
2024-07-15,SKU07,116,23,14,62
2024-07-15,SKU08,282,0,7,75
2024-07-15,SKU09,48,0,14,28
2024-07-15,SKU10,107,0,28,171
2024-07-15,SKU11,96,20,42,161
2024-07-15,SKU12,86,32,35,208
2024-07-22,SKU01,143,87,7,113
2024-07-22,SKU02,168,0,7,96
2024-07-22,SKU03,86,0,14,115
2024-07-22,SKU04,100,34,14,90
2024-07-22,SKU05,53,0,14,75
2024-07-22,SKU06,17,0,21,34
2024-07-22,SKU07,91,0,14,65
2024-07-22,SKU08,289,0,7,78
2024-07-22,SKU09,42,11,14,30
2024-07-22,SKU10,90,33,28,175
2024-07-22,SKU11,84,20,42,159
2024-07-22,SKU12,148,29,35,194
2024-07-29,SKU01,335,0,7,114
2024-07-29,SKU02,341,75,7,97
2024-07-29,SKU03,216,0,14,119
2024-07-29,SKU04,80,35,14,91
2024-07-29,SKU05,105,0,14,77
2024-07-29,SKU06,45,9,21,36
2024-07-29,SKU07,128,0,14,69
2024-07-29,SKU08,281,0,7,84
2024-07-29,SKU09,38,0,14,31
2024-07-29,SKU10,102,34,28,177
2024-07-29,SKU11,55,21,42,170
2024-07-29,SKU12,70,0,35,177
2024-08-05,SKU01,258,86,7,112
2024-08-05,SKU02,174,79,7,103
2024-08-05,SKU03,179,0,14,120
2024-08-05,SKU04,57,0,14,98
2024-08-05,SKU05,65,0,14,73
2024-08-05,SKU06,40,0,21,36
2024-08-05,SKU07,116,0,14,73
2024-08-05,SKU08,287,72,7,94
2024-08-05,SKU09,46,12,14,31
2024-08-05,SKU10,127,37,28,196
2024-08-05,SKU11,36,0,42,180
2024-08-05,SKU12,79,25,35,164
2024-08-12,SKU01,409,0,7,112
2024-08-12,SKU02,233,80,7,104
2024-08-12,SKU03,224,0,14,122
2024-08-12,SKU04,144,0,14,98
2024-08-12,SKU05,109,0,14,73
2024-08-12,SKU06,29,9,21,36
2024-08-12,SKU07,68,29,14,76
2024-08-12,SKU08,243,0,7,101
2024-08-12,SKU09,41,13,14,34
2024-08-12,SKU10,146,0,28,204
2024-08-12,SKU11,78,23,42,181
2024-08-12,SKU12,38,0,35,151
2024-08-19,SKU01,372,0,7,104
2024-08-19,SKU02,257,82,7,107
2024-08-19,SKU03,152,47,14,122
2024-08-19,SKU04,94,0,14,101
2024-08-19,SKU05,120,0,14,71
2024-08-19,SKU06,16,0,21,35
2024-08-19,SKU07,108,31,14,81
2024-08-19,SKU08,228,80,7,105
2024-08-19,SKU09,50,13,14,34
2024-08-19,SKU10,189,41,28,213
2024-08-19,SKU11,78,25,42,195
2024-08-19,SKU12,73,0,35,136
2024-08-26,SKU01,377,0,7,103
2024-08-26,SKU02,407,84,7,109
2024-08-26,SKU03,175,0,14,129
2024-08-26,SKU04,124,0,14,105
2024-08-26,SKU05,126,0,14,70
2024-08-26,SKU06,36,0,21,38
2024-08-26,SKU07,97,34,14,89
2024-08-26,SKU08,305,0,7,114
2024-08-26,SKU09,36,0,14,32
2024-08-26,SKU10,104,40,28,211
2024-08-26,SKU11,104,25,42,196
2024-08-26,SKU12,51,0,35,125
2024-09-02,SKU01,163,79,7,103
2024-09-02,SKU02,295,0,7,110
2024-09-02,SKU03,137,0,14,132
2024-09-02,SKU04,191,0,14,110
2024-09-02,SKU05,106,0,14,71
2024-09-02,SKU06,46,10,21,41
2024-09-02,SKU07,118,0,14,89
2024-09-02,SKU08,440,0,7,118
2024-09-02,SKU09,41,0,14,36
2024-09-02,SKU10,115,43,28,224
2024-09-02,SKU11,62,25,42,196
2024-09-02,SKU12,41,17,35,113
2024-09-09,SKU01,154,0,7,100
2024-09-09,SKU02,389,87,7,114
2024-09-09,SKU03,237,0,14,130
2024-09-09,SKU04,119,44,14,114
2024-09-09,SKU05,91,0,14,72
2024-09-09,SKU06,27,0,21,47
2024-09-09,SKU07,156,0,14,87
2024-09-09,SKU08,244,98,7,128
2024-09-09,SKU09,39,0,14,36
2024-09-09,SKU10,128,44,28,233
2024-09-09,SKU11,67,0,42,199
2024-09-09,SKU12,47,0,35,104
2024-09-16,SKU01,205,74,7,96
2024-09-16,SKU02,237,87,7,113
2024-09-16,SKU03,157,50,14,132
2024-09-16,SKU04,122,0,14,121
2024-09-16,SKU05,66,0,14,73
2024-09-16,SKU06,39,0,21,51
2024-09-16,SKU07,59,0,14,90
2024-09-16,SKU08,282,104,7,135
2024-09-16,SKU09,56,13,14,35
2024-09-16,SKU10,71,46,28,239
2024-09-16,SKU11,50,26,42,204
2024-09-16,SKU12,64,0,35,91
2024-09-23,SKU01,246,72,7,93
2024-09-23,SKU02,148,0,7,116
2024-09-23,SKU03,84,0,14,135
2024-09-23,SKU04,198,50,14,130
2024-09-23,SKU05,79,0,14,72
2024-09-23,SKU06,58,0,21,53
2024-09-23,SKU07,156,34,14,89
2024-09-23,SKU08,435,0,7,137
2024-09-23,SKU09,60,0,14,34
2024-09-23,SKU10,98,0,28,248
2024-09-23,SKU11,71,0,42,198
2024-09-23,SKU12,19,0,35,78
2024-09-30,SKU01,310,70,7,91
2024-09-30,SKU02,347,92,7,119
2024-09-30,SKU03,237,0,14,137
2024-09-30,SKU04,191,49,14,127
2024-09-30,SKU05,142,30,14,78
2024-09-30,SKU06,35,14,21,57
2024-09-30,SKU07,163,33,14,88
2024-09-30,SKU08,268,108,7,140
2024-09-30,SKU09,49,13,14,35
2024-09-30,SKU10,129,0,28,234
2024-09-30,SKU11,97,26,42,205
2024-09-30,SKU12,40,0,35,70
2024-10-07,SKU01,219,0,7,89
2024-10-07,SKU02,376,0,7,125
2024-10-07,SKU03,260,54,14,141
2024-10-07,SKU04,154,0,14,132
2024-10-07,SKU05,59,30,14,80
2024-10-07,SKU06,49,0,21,60
2024-10-07,SKU07,88,0,14,91
2024-10-07,SKU08,268,110,7,143
2024-10-07,SKU09,54,13,14,33
2024-10-07,SKU10,213,0,28,237
2024-10-07,SKU11,79,27,42,214
2024-10-07,SKU12,18,0,35,65
2024-10-14,SKU01,231,68,7,89
2024-10-14,SKU02,322,97,7,126
2024-10-14,SKU03,173,56,14,146
2024-10-14,SKU04,120,52,14,136
2024-10-14,SKU05,132,0,14,89
2024-10-14,SKU06,75,0,21,65
2024-10-14,SKU07,169,0,14,95
2024-10-14,SKU08,229,0,7,149
2024-10-14,SKU09,50,12,14,32
2024-10-14,SKU10,169,46,28,239
2024-10-14,SKU11,90,27,42,215
2024-10-14,SKU12,36,0,35,58
2024-10-21,SKU01,138,66,7,86
2024-10-21,SKU02,270,99,7,129
2024-10-21,SKU03,150,0,14,147
2024-10-21,SKU04,170,55,14,143
2024-10-21,SKU05,114,0,14,92
2024-10-21,SKU06,65,18,21,73
2024-10-21,SKU07,155,0,14,93
2024-10-21,SKU08,448,114,7,148
2024-10-21,SKU09,25,12,14,32
2024-10-21,SKU10,144,0,28,248
2024-10-21,SKU11,48,28,42,220
2024-10-21,SKU12,16,0,35,48
2024-10-28,SKU01,108,66,7,86
2024-10-28,SKU02,256,0,7,140
2024-10-28,SKU03,112,0,14,157
2024-10-28,SKU04,281,59,14,155
2024-10-28,SKU05,143,39,14,101
2024-10-28,SKU06,48,23,21,90
2024-10-28,SKU07,170,40,14,105
2024-10-28,SKU08,396,0,7,160
2024-10-28,SKU09,46,12,14,31
2024-10-28,SKU10,84,49,28,256
2024-10-28,SKU11,87,0,42,239
2024-10-28,SKU12,21,6,35,42
2024-11-04,SKU01,181,0,7,87
2024-11-04,SKU02,174,0,7,148
2024-11-04,SKU03,187,62,14,163
2024-11-04,SKU04,155,0,14,175
2024-11-04,SKU05,183,0,14,110
2024-11-04,SKU06,56,26,21,102
2024-11-04,SKU07,98,45,14,118
2024-11-04,SKU08,595,126,7,164
2024-11-04,SKU09,66,13,14,34
2024-11-04,SKU10,244,51,28,267
2024-11-04,SKU11,67,0,42,261
2024-11-04,SKU12,10,0,35,39
2024-11-11,SKU01,228,67,7,87
2024-11-11,SKU02,412,0,7,153
2024-11-11,SKU03,96,63,14,165
2024-11-11,SKU04,320,69,14,180
2024-11-11,SKU05,185,0,14,119
2024-11-11,SKU06,48,0,21,107
2024-11-11,SKU07,109,0,14,121
2024-11-11,SKU08,305,127,7,165
2024-11-11,SKU09,56,0,14,35
2024-11-11,SKU10,108,51,28,265
2024-11-11,SKU11,52,0,42,269
2024-11-11,SKU12,26,0,35,40
2024-11-18,SKU01,114,68,7,88
2024-11-18,SKU02,351,120,7,156
2024-11-18,SKU03,192,64,14,167
2024-11-18,SKU04,181,69,14,180
2024-11-18,SKU05,210,0,14,126
2024-11-18,SKU06,115,0,21,112
2024-11-18,SKU07,229,0,14,127
2024-11-18,SKU08,444,0,7,168
2024-11-18,SKU09,50,13,14,34
2024-11-18,SKU10,176,0,28,269
2024-11-18,SKU11,81,34,42,267
2024-11-18,SKU12,25,7,35,47
2024-11-25,SKU01,197,67,7,87
2024-11-25,SKU02,497,122,7,159
2024-11-25,SKU03,148,66,14,172
2024-11-25,SKU04,170,0,14,187
2024-11-25,SKU05,226,49,14,128
2024-11-25,SKU06,68,0,21,121
2024-11-25,SKU07,139,50,14,130
2024-11-25,SKU08,390,0,7,164
2024-11-25,SKU09,38,0,14,32
2024-11-25,SKU10,133,0,28,273
2024-11-25,SKU11,145,33,42,264
2024-11-25,SKU12,28,7,35,47
2024-12-02,SKU01,145,67,7,87
2024-12-02,SKU02,216,120,7,156
2024-12-02,SKU03,253,65,14,169
2024-12-02,SKU04,183,75,14,195
2024-12-02,SKU05,90,0,14,132
2024-12-02,SKU06,117,33,21,132
2024-12-02,SKU07,238,0,14,127
2024-12-02,SKU08,601,126,7,164
2024-12-02,SKU09,45,12,14,31
2024-12-02,SKU10,250,0,28,271
2024-12-02,SKU11,146,33,42,261
2024-12-02,SKU12,29,0,35,53
2024-12-09,SKU01,130,0,7,84
2024-12-09,SKU02,479,124,7,161
2024-12-09,SKU03,199,0,14,168
2024-12-09,SKU04,212,79,14,206
2024-12-09,SKU05,160,52,14,136
2024-12-09,SKU06,73,0,21,146
2024-12-09,SKU07,96,47,14,124
2024-12-09,SKU08,220,126,7,164
2024-12-09,SKU09,59,12,14,32
2024-12-09,SKU10,136,0,28,271
2024-12-09,SKU11,66,0,42,260
2024-12-09,SKU12,34,0,35,56
2024-12-16,SKU01,312,64,7,83
2024-12-16,SKU02,261,0,7,160
2024-12-16,SKU03,126,63,14,165
2024-12-16,SKU04,150,79,14,205
2024-12-16,SKU05,95,0,14,136
2024-12-16,SKU06,169,39,21,155
2024-12-16,SKU07,120,0,14,120
2024-12-16,SKU08,513,125,7,162
2024-12-16,SKU09,20,12,14,32
2024-12-16,SKU10,127,51,28,265
2024-12-16,SKU11,99,33,42,264
2024-12-16,SKU12,37,0,35,60
2024-12-23,SKU01,195,0,7,81
2024-12-23,SKU02,311,119,7,155
2024-12-23,SKU03,208,0,14,159
2024-12-23,SKU04,238,78,14,204
2024-12-23,SKU05,188,0,14,139
2024-12-23,SKU06,186,39,21,155
2024-12-23,SKU07,169,0,14,117
2024-12-23,SKU08,521,118,7,153
2024-12-23,SKU09,62,12,14,32
2024-12-23,SKU10,97,50,28,261
2024-12-23,SKU11,126,32,42,254
2024-12-23,SKU12,28,0,35,63
2024-12-30,SKU01,248,0,7,85
2024-12-30,SKU02,471,0,7,156
2024-12-30,SKU03,157,0,14,162
2024-12-30,SKU04,222,79,14,206
2024-12-30,SKU05,95,56,14,147
2024-12-30,SKU06,178,43,21,169
2024-12-30,SKU07,162,0,14,115
2024-12-30,SKU08,508,117,7,153
2024-12-30,SKU09,18,11,14,28
2024-12-30,SKU10,117,0,28,267
2024-12-30,SKU11,70,0,42,240
2024-12-30,SKU12,27,11,35,76
2025-01-06,SKU01,185,66,7,86
2025-01-06,SKU02,444,0,7,160
2025-01-06,SKU03,311,62,14,162
2025-01-06,SKU04,196,81,14,210
2025-01-06,SKU05,158,0,14,151
2025-01-06,SKU06,136,0,21,179
2025-01-06,SKU07,154,43,14,112
2025-01-06,SKU08,290,119,7,154
2025-01-06,SKU09,24,0,14,27
2025-01-06,SKU10,183,0,28,271
2025-01-06,SKU11,153,30,42,239
2025-01-06,SKU12,43,0,35,87
2025-01-13,SKU01,110,0,7,84
2025-01-13,SKU02,274,122,7,159
2025-01-13,SKU03,97,62,14,163
2025-01-13,SKU04,167,83,14,216
2025-01-13,SKU05,106,57,14,148
2025-01-13,SKU06,94,0,21,185
2025-01-13,SKU07,151,0,14,106
2025-01-13,SKU08,441,0,7,149
2025-01-13,SKU09,36,10,14,27
2025-01-13,SKU10,112,0,28,269
2025-01-13,SKU11,117,30,42,236
2025-01-13,SKU12,60,15,35,97
2025-01-20,SKU01,216,66,7,86
2025-01-20,SKU02,413,120,7,156
2025-01-20,SKU03,263,60,14,157
2025-01-20,SKU04,417,85,14,223
2025-01-20,SKU05,263,0,14,152
2025-01-20,SKU06,192,0,21,185
2025-01-20,SKU07,84,0,14,112
2025-01-20,SKU08,304,112,7,146
2025-01-20,SKU09,35,0,14,28
2025-01-20,SKU10,230,0,28,263
2025-01-20,SKU11,143,29,42,233
2025-01-20,SKU12,36,0,35,111
2025-01-27,SKU01,276,70,7,91
2025-01-27,SKU02,621,0,7,166
2025-01-27,SKU03,165,63,14,165
2025-01-27,SKU04,152,91,14,237
2025-01-27,SKU05,325,65,14,170
2025-01-27,SKU06,253,51,21,200
2025-01-27,SKU07,117,46,14,119
2025-01-27,SKU08,178,114,7,148
2025-01-27,SKU09,50,12,14,31
2025-01-27,SKU10,157,0,28,273
2025-01-27,SKU11,114,0,42,232
2025-01-27,SKU12,90,0,35,138
2025-02-03,SKU01,321,74,7,96
2025-02-03,SKU02,456,126,7,164
2025-02-03,SKU03,114,0,14,163
2025-02-03,SKU04,401,0,14,234
2025-02-03,SKU05,118,65,14,169
2025-02-03,SKU06,162,50,21,197
2025-02-03,SKU07,71,0,14,120
2025-02-03,SKU08,356,0,7,142
2025-02-03,SKU09,58,12,14,31
2025-02-03,SKU10,183,51,28,269
2025-02-03,SKU11,138,0,42,221
2025-02-03,SKU12,68,0,35,157
2025-02-10,SKU01,307,73,7,95
2025-02-10,SKU02,288,127,7,165
2025-02-10,SKU03,253,0,14,159
2025-02-10,SKU04,314,0,14,236
2025-02-10,SKU05,293,65,14,169
2025-02-10,SKU06,211,0,21,197
2025-02-10,SKU07,209,0,14,120
2025-02-10,SKU08,232,0,7,138
2025-02-10,SKU09,57,0,14,32
2025-02-10,SKU10,133,0,28,268
2025-02-10,SKU11,41,0,42,210
2025-02-10,SKU12,92,0,35,182
2025-02-17,SKU01,320,0,7,94
2025-02-17,SKU02,309,125,7,163
2025-02-17,SKU03,283,59,14,155
2025-02-17,SKU04,187,0,14,234
2025-02-17,SKU05,304,63,14,164
2025-02-17,SKU06,160,0,21,195
2025-02-17,SKU07,189,43,14,111
2025-02-17,SKU08,340,0,7,131
2025-02-17,SKU09,58,0,14,33
2025-02-17,SKU10,222,0,28,249
2025-02-17,SKU11,56,0,42,201
2025-02-17,SKU12,89,31,35,201
2025-02-24,SKU01,237,0,7,90
2025-02-24,SKU02,266,120,7,156
2025-02-24,SKU03,111,52,14,137
2025-02-24,SKU04,374,85,14,221
2025-02-24,SKU05,117,0,14,154
2025-02-24,SKU06,119,45,21,175
2025-02-24,SKU07,145,40,14,105
2025-02-24,SKU08,382,93,7,121
2025-02-24,SKU09,45,13,14,34
2025-02-24,SKU10,111,0,28,233
2025-02-24,SKU11,70,0,42,191
2025-02-24,SKU12,67,32,35,208
2025-03-03,SKU01,188,0,7,91
2025-03-03,SKU02,306,0,7,151
2025-03-03,SKU03,172,0,14,136
2025-03-03,SKU04,177,83,14,217
2025-03-03,SKU05,91,57,14,149
2025-03-03,SKU06,156,0,21,168
2025-03-03,SKU07,145,40,14,104
2025-03-03,SKU08,138,0,7,110
2025-03-03,SKU09,66,0,14,36
2025-03-03,SKU10,183,43,28,226
2025-03-03,SKU11,66,0,42,179
2025-03-03,SKU12,143,33,35,220
2025-03-10,SKU01,139,76,7,99
2025-03-10,SKU02,235,0,7,151
2025-03-10,SKU03,225,0,14,133
2025-03-10,SKU04,240,0,14,216
2025-03-10,SKU05,203,0,14,150
2025-03-10,SKU06,126,42,21,164
2025-03-10,SKU07,123,0,14,104
2025-03-10,SKU08,145,0,7,103
2025-03-10,SKU09,28,0,14,37
2025-03-10,SKU10,208,42,28,220
2025-03-10,SKU11,106,24,42,189
2025-03-10,SKU12,78,0,35,238
2025-03-17,SKU01,257,0,7,101
2025-03-17,SKU02,546,0,7,151
2025-03-17,SKU03,210,0,14,130
2025-03-17,SKU04,362,80,14,209
2025-03-17,SKU05,168,0,14,149
2025-03-17,SKU06,182,0,21,161
2025-03-17,SKU07,128,36,14,93
2025-03-17,SKU08,201,76,7,99
2025-03-17,SKU09,46,13,14,35
2025-03-17,SKU10,91,0,28,222
2025-03-17,SKU11,77,0,42,178
2025-03-17,SKU12,111,0,35,257
2025-03-24,SKU01,253,75,7,97
2025-03-24,SKU02,445,0,7,139
2025-03-24,SKU03,98,0,14,118
2025-03-24,SKU04,116,73,14,190
2025-03-24,SKU05,200,0,14,133
2025-03-24,SKU06,157,0,21,143
2025-03-24,SKU07,109,31,14,82
2025-03-24,SKU08,254,0,7,86
2025-03-24,SKU09,33,11,14,30
2025-03-24,SKU10,120,0,28,209
2025-03-24,SKU11,94,23,42,185
2025-03-24,SKU12,185,39,35,255
2025-03-31,SKU01,112,0,7,97
2025-03-31,SKU02,342,0,7,137
2025-03-31,SKU03,170,44,14,115
2025-03-31,SKU04,185,0,14,190
2025-03-31,SKU05,238,0,14,125
2025-03-31,SKU06,98,0,21,135
2025-03-31,SKU07,66,28,14,73
2025-03-31,SKU08,159,0,7,83
2025-03-31,SKU09,25,12,14,32
2025-03-31,SKU10,89,0,28,202
2025-03-31,SKU11,71,0,42,191
2025-03-31,SKU12,194,0,35,268
2025-04-07,SKU01,196,0,7,101
2025-04-07,SKU02,436,0,7,136
2025-04-07,SKU03,191,44,14,114
2025-04-07,SKU04,195,72,14,188
2025-04-07,SKU05,220,0,14,129
2025-04-07,SKU06,91,32,21,126
2025-04-07,SKU07,82,28,14,74
2025-04-07,SKU08,102,0,7,78
2025-04-07,SKU09,24,0,14,32
2025-04-07,SKU10,189,0,28,207
2025-04-07,SKU11,105,24,42,188
2025-04-07,SKU12,65,0,35,276
2025-04-14,SKU01,291,0,7,106
2025-04-14,SKU02,435,0,7,131
2025-04-14,SKU03,213,0,14,113
2025-04-14,SKU04,145,0,14,178
2025-04-14,SKU05,226,48,14,127
2025-04-14,SKU06,89,0,21,118
2025-04-14,SKU07,108,0,14,70
2025-04-14,SKU08,129,0,7,72
2025-04-14,SKU09,47,0,14,29
2025-04-14,SKU10,67,0,28,213
2025-04-14,SKU11,75,23,42,182
2025-04-14,SKU12,188,0,35,286
2025-04-21,SKU01,415,84,7,109
2025-04-21,SKU02,197,97,7,126
2025-04-21,SKU03,222,0,14,121
2025-04-21,SKU04,176,0,14,167
2025-04-21,SKU05,84,0,14,122
2025-04-21,SKU06,68,30,21,117
2025-04-21,SKU07,98,25,14,66
2025-04-21,SKU08,148,52,7,67
2025-04-21,SKU09,48,0,14,29
2025-04-21,SKU10,79,0,28,205
2025-04-21,SKU11,70,22,42,176
2025-04-21,SKU12,75,46,35,300
2025-04-28,SKU01,373,86,7,112
2025-04-28,SKU02,370,0,7,123
2025-04-28,SKU03,86,0,14,118
2025-04-28,SKU04,192,0,14,159
2025-04-28,SKU05,147,47,14,122
2025-04-28,SKU06,96,0,21,112
2025-04-28,SKU07,62,25,14,65
2025-04-28,SKU08,95,0,7,63
2025-04-28,SKU09,49,10,14,27
2025-04-28,SKU10,111,0,28,201
2025-04-28,SKU11,55,23,42,180
2025-04-28,SKU12,130,48,35,312
2025-05-05,SKU01,216,0,7,112
2025-05-05,SKU02,455,91,7,118
2025-05-05,SKU03,86,0,14,114
2025-05-05,SKU04,271,58,14,153
2025-05-05,SKU05,228,0,14,121
2025-05-05,SKU06,117,0,21,107
2025-05-05,SKU07,66,0,14,65
2025-05-05,SKU08,159,48,7,63
2025-05-05,SKU09,44,11,14,29
2025-05-05,SKU10,72,38,28,199
2025-05-05,SKU11,48,0,42,165
2025-05-05,SKU12,130,47,35,307
2025-05-12,SKU01,317,0,7,119
2025-05-12,SKU02,344,87,7,113
2025-05-12,SKU03,191,45,14,119
2025-05-12,SKU04,90,0,14,147
2025-05-12,SKU05,201,0,14,115
2025-05-12,SKU06,96,0,21,101
2025-05-12,SKU07,46,26,14,69
2025-05-12,SKU08,88,47,7,62
2025-05-12,SKU09,48,11,14,29
2025-05-12,SKU10,67,0,28,196
2025-05-12,SKU11,58,0,42,168
2025-05-12,SKU12,233,0,35,307
2025-05-19,SKU01,306,99,7,129
2025-05-19,SKU02,150,0,7,117
2025-05-19,SKU03,156,0,14,126
2025-05-19,SKU04,210,0,14,147
2025-05-19,SKU05,217,0,14,114
2025-05-19,SKU06,107,0,21,96
2025-05-19,SKU07,141,0,14,75
2025-05-19,SKU08,213,52,7,67
2025-05-19,SKU09,63,13,14,36
2025-05-19,SKU10,138,0,28,202
2025-05-19,SKU11,84,22,42,173
2025-05-19,SKU12,127,0,35,319
2025-05-26,SKU01,283,102,7,133
2025-05-26,SKU02,278,0,7,117
2025-05-26,SKU03,216,0,14,132
2025-05-26,SKU04,199,54,14,140
2025-05-26,SKU05,168,0,14,120
2025-05-26,SKU06,35,0,21,91
2025-05-26,SKU07,64,0,14,79
2025-05-26,SKU08,239,53,7,69
2025-05-26,SKU09,47,0,14,34
2025-05-26,SKU10,195,0,28,208
2025-05-26,SKU11,39,22,42,176
2025-05-26,SKU12,180,0,35,318
2025-06-02,SKU01,358,105,7,136
2025-06-02,SKU02,381,88,7,115
2025-06-02,SKU03,246,0,14,133
2025-06-02,SKU04,246,52,14,135
2025-06-02,SKU05,174,0,14,116
2025-06-02,SKU06,78,22,21,86
2025-06-02,SKU07,141,0,14,78
2025-06-02,SKU08,189,0,7,70
2025-06-02,SKU09,40,0,14,37
2025-06-02,SKU10,146,40,28,210
2025-06-02,SKU11,68,23,42,184
2025-06-02,SKU12,164,48,35,317
2025-06-09,SKU01,228,105,7,137
2025-06-09,SKU02,138,86,7,112
2025-06-09,SKU03,226,0,14,134
2025-06-09,SKU04,91,51,14,134
2025-06-09,SKU05,106,0,14,115
2025-06-09,SKU06,83,0,21,77
2025-06-09,SKU07,53,30,14,79
2025-06-09,SKU08,164,57,7,74
2025-06-09,SKU09,59,14,14,37
2025-06-09,SKU10,138,40,28,211
2025-06-09,SKU11,79,24,42,189
2025-06-09,SKU12,149,47,35,307
2025-06-16,SKU01,311,0,7,136
2025-06-16,SKU02,209,0,7,111
2025-06-16,SKU03,142,50,14,132
2025-06-16,SKU04,199,51,14,134
2025-06-16,SKU05,212,0,14,113
2025-06-16,SKU06,59,0,21,67
2025-06-16,SKU07,124,0,14,78
2025-06-16,SKU08,197,0,7,75
2025-06-16,SKU09,41,14,14,36
2025-06-16,SKU10,70,0,28,214
2025-06-16,SKU11,38,24,42,188
2025-06-16,SKU12,215,0,35,299
2025-06-23,SKU01,228,105,7,136
2025-06-23,SKU02,312,0,7,110
2025-06-23,SKU03,249,0,14,133
2025-06-23,SKU04,203,0,14,129
2025-06-23,SKU05,76,0,14,105
2025-06-23,SKU06,74,0,21,60
2025-06-23,SKU07,120,30,14,78
2025-06-23,SKU08,124,59,7,77
2025-06-23,SKU09,49,0,14,37
2025-06-23,SKU10,118,0,28,213
2025-06-23,SKU11,93,0,42,184
2025-06-23,SKU12,171,44,35,289
2025-06-30,SKU01,196,103,7,134
2025-06-30,SKU02,427,88,7,114
2025-06-30,SKU03,244,0,14,135
2025-06-30,SKU04,88,0,14,124
2025-06-30,SKU05,128,39,14,101
2025-06-30,SKU06,62,14,21,54
2025-06-30,SKU07,83,0,14,77
2025-06-30,SKU08,135,61,7,79
2025-06-30,SKU09,69,14,14,37
2025-06-30,SKU10,188,0,28,210
2025-06-30,SKU11,115,25,42,195
2025-06-30,SKU12,184,0,35,284
2025-07-07,SKU01,266,0,7,129
2025-07-07,SKU02,259,0,7,116
2025-07-07,SKU03,240,0,14,131
2025-07-07,SKU04,107,0,14,119
2025-07-07,SKU05,128,0,14,100
2025-07-07,SKU06,19,0,21,48
2025-07-07,SKU07,62,0,14,76
2025-07-07,SKU08,204,0,7,79
2025-07-07,SKU09,53,14,14,37
2025-07-07,SKU10,92,41,28,215
2025-07-07,SKU11,108,0,42,195
2025-07-07,SKU12,71,0,35,276
2025-07-14,SKU01,447,94,7,122
2025-07-14,SKU02,290,83,7,108
2025-07-14,SKU03,80,0,14,127
2025-07-14,SKU04,145,0,14,108
2025-07-14,SKU05,162,0,14,92
2025-07-14,SKU06,15,10,21,39
2025-07-14,SKU07,110,0,14,76
2025-07-14,SKU08,114,0,7,77
2025-07-14,SKU09,59,0,14,35
2025-07-14,SKU10,169,42,28,218
2025-07-14,SKU11,50,24,42,190
2025-07-14,SKU12,125,0,35,246
2025-07-21,SKU01,314,93,7,122
2025-07-21,SKU02,343,83,7,108
2025-07-21,SKU03,175,0,14,119
2025-07-21,SKU04,86,41,14,106
2025-07-21,SKU05,97,33,14,85
2025-07-21,SKU06,29,8,21,34
2025-07-21,SKU07,77,30,14,78
2025-07-21,SKU08,121,61,7,79
2025-07-21,SKU09,72,14,14,38
2025-07-21,SKU10,155,43,28,225
2025-07-21,SKU11,47,24,42,191
2025-07-21,SKU12,62,34,35,225
2025-07-28,SKU01,451,94,7,123
2025-07-28,SKU02,243,0,7,109
2025-07-28,SKU03,166,0,14,116
2025-07-28,SKU04,140,0,14,107
2025-07-28,SKU05,126,31,14,82
2025-07-28,SKU06,16,0,21,30
2025-07-28,SKU07,97,30,14,78
2025-07-28,SKU08,200,66,7,85
2025-07-28,SKU09,35,0,14,36
2025-07-28,SKU10,113,0,28,228
2025-07-28,SKU11,57,0,42,188
2025-07-28,SKU12,93,0,35,209
2025-08-04,SKU01,277,0,7,119
2025-08-04,SKU02,337,0,7,111
2025-08-04,SKU03,76,46,14,119
2025-08-04,SKU04,181,0,14,109
2025-08-04,SKU05,144,29,14,76
2025-08-04,SKU06,26,7,21,28
2025-08-04,SKU07,79,32,14,85
2025-08-04,SKU08,260,68,7,89
2025-08-04,SKU09,69,14,14,36
2025-08-04,SKU10,142,42,28,221
2025-08-04,SKU11,39,0,42,184
2025-08-04,SKU12,116,0,35,198
2025-08-11,SKU01,451,0,7,117
2025-08-11,SKU02,140,0,7,114
2025-08-11,SKU03,133,46,14,119
2025-08-11,SKU04,205,0,14,110
2025-08-11,SKU05,58,29,14,76
2025-08-11,SKU06,21,0,21,27
2025-08-11,SKU07,114,0,14,87
2025-08-11,SKU08,208,74,7,97
2025-08-11,SKU09,69,0,14,39
2025-08-11,SKU10,71,43,28,223
2025-08-11,SKU11,41,25,42,199
2025-08-11,SKU12,86,0,35,186
2025-08-18,SKU01,274,0,7,115
2025-08-18,SKU02,150,0,7,115
2025-08-18,SKU03,78,0,14,119
2025-08-18,SKU04,156,43,14,113
2025-08-18,SKU05,60,0,14,79
2025-08-18,SKU06,36,0,21,29
2025-08-18,SKU07,61,0,14,91
2025-08-18,SKU08,223,0,7,101
2025-08-18,SKU09,33,0,14,37
2025-08-18,SKU10,218,0,28,231
2025-08-18,SKU11,115,27,42,214
2025-08-18,SKU12,127,26,35,173
2025-08-25,SKU01,182,0,7,110
2025-08-25,SKU02,435,88,7,114
2025-08-25,SKU03,168,0,14,123
2025-08-25,SKU04,193,44,14,115
2025-08-25,SKU05,80,0,14,80
2025-08-25,SKU06,31,0,21,32
2025-08-25,SKU07,126,0,14,95
2025-08-25,SKU08,140,0,7,109
2025-08-25,SKU09,21,0,14,35
2025-08-25,SKU10,134,0,28,240
2025-08-25,SKU11,43,27,42,214
2025-08-25,SKU12,120,0,35,160
2025-09-01,SKU01,256,83,7,108
2025-09-01,SKU02,196,90,7,117
2025-09-01,SKU03,128,46,14,120
2025-09-01,SKU04,230,46,14,120
2025-09-01,SKU05,122,0,14,80
2025-09-01,SKU06,14,8,21,34
2025-09-01,SKU07,100,39,14,101
2025-09-01,SKU08,294,88,7,114
2025-09-01,SKU09,28,0,14,34
2025-09-01,SKU10,195,0,28,244
2025-09-01,SKU11,57,0,42,220
2025-09-01,SKU12,46,0,35,142
2025-09-08,SKU01,181,0,7,105
2025-09-08,SKU02,179,0,7,121
2025-09-08,SKU03,175,46,14,119
2025-09-08,SKU04,199,0,14,125
2025-09-08,SKU05,108,0,14,84
2025-09-08,SKU06,34,0,21,36
2025-09-08,SKU07,114,39,14,101
2025-09-08,SKU08,243,0,7,122
2025-09-08,SKU09,41,0,14,32
2025-09-08,SKU10,184,0,28,236
2025-09-08,SKU11,78,28,42,222
2025-09-08,SKU12,30,0,35,130
2025-09-15,SKU01,141,78,7,102
2025-09-15,SKU02,260,0,7,121
2025-09-15,SKU03,98,0,14,125
2025-09-15,SKU04,110,50,14,131
2025-09-15,SKU05,157,32,14,84
2025-09-15,SKU06,49,11,21,45
2025-09-15,SKU07,118,39,14,103
2025-09-15,SKU08,305,0,7,129
2025-09-15,SKU09,31,0,14,27
2025-09-15,SKU10,209,44,28,232
2025-09-15,SKU11,68,29,42,228
2025-09-15,SKU12,76,0,35,124
2025-09-22,SKU01,114,0,7,98
2025-09-22,SKU02,391,96,7,125
2025-09-22,SKU03,225,51,14,133
2025-09-22,SKU04,114,0,14,134
2025-09-22,SKU05,113,0,14,85
2025-09-22,SKU06,55,0,21,48
2025-09-22,SKU07,129,41,14,108
2025-09-22,SKU08,212,0,7,128
2025-09-22,SKU09,37,0,14,28
2025-09-22,SKU10,139,0,28,236
2025-09-22,SKU11,72,0,42,231
2025-09-22,SKU12,72,16,35,106
2025-09-29,SKU01,115,73,7,95
2025-09-29,SKU02,386,0,7,129
2025-09-29,SKU03,206,0,14,134
2025-09-29,SKU04,136,0,14,141
2025-09-29,SKU05,142,0,14,90
2025-09-29,SKU06,41,14,21,56
2025-09-29,SKU07,72,42,14,110
2025-09-29,SKU08,261,103,7,134
2025-09-29,SKU09,41,11,14,30
2025-09-29,SKU10,146,46,28,243
2025-09-29,SKU11,73,0,42,240
2025-09-29,SKU12,57,0,35,94
2025-10-06,SKU01,328,0,7,92
2025-10-06,SKU02,451,104,7,136
2025-10-06,SKU03,197,0,14,142
2025-10-06,SKU04,159,55,14,144
2025-10-06,SKU05,163,35,14,92
2025-10-06,SKU06,60,0,21,65
2025-10-06,SKU07,92,0,14,114
2025-10-06,SKU08,290,0,7,140
2025-10-06,SKU09,33,11,14,30
2025-10-06,SKU10,217,47,28,246
2025-10-06,SKU11,125,28,42,223
2025-10-06,SKU12,50,0,35,80
2025-10-13,SKU01,245,0,7,93
2025-10-13,SKU02,525,0,7,145
2025-10-13,SKU03,121,0,14,152
2025-10-13,SKU04,136,60,14,158
2025-10-13,SKU05,180,0,14,101
2025-10-13,SKU06,58,18,21,72
2025-10-13,SKU07,81,0,14,119
2025-10-13,SKU08,242,0,7,151
2025-10-13,SKU09,56,0,14,35
2025-10-13,SKU10,109,48,28,252
2025-10-13,SKU11,81,0,42,227
2025-10-13,SKU12,42,0,35,73
2025-10-20,SKU01,205,0,7,100
2025-10-20,SKU02,485,123,7,160
2025-10-20,SKU03,149,63,14,165
2025-10-20,SKU04,239,0,14,181
2025-10-20,SKU05,197,0,14,109
2025-10-20,SKU06,60,0,21,85
2025-10-20,SKU07,175,0,14,127
2025-10-20,SKU08,319,0,7,165
2025-10-20,SKU09,42,14,14,36
2025-10-20,SKU10,193,0,28,278
2025-10-20,SKU11,145,0,42,247
2025-10-20,SKU12,29,9,35,61
2025-10-27,SKU01,186,0,7,96
2025-10-27,SKU02,291,0,7,164
2025-10-27,SKU03,245,0,14,177
2025-10-27,SKU04,191,0,14,190
2025-10-27,SKU05,93,44,14,116
2025-10-27,SKU06,88,0,21,89
2025-10-27,SKU07,245,49,14,128
2025-10-27,SKU08,308,130,7,170
2025-10-27,SKU09,41,14,14,37
2025-10-27,SKU10,252,55,28,289
2025-10-27,SKU11,127,31,42,248
2025-10-27,SKU12,29,0,35,52
2025-11-03,SKU01,157,71,7,93
2025-11-03,SKU02,633,0,7,168
2025-11-03,SKU03,330,0,14,185
2025-11-03,SKU04,314,0,14,202
2025-11-03,SKU05,119,44,14,116
2025-11-03,SKU06,110,0,21,96
2025-11-03,SKU07,213,0,14,126
2025-11-03,SKU08,560,0,7,173
2025-11-03,SKU09,22,0,14,36
2025-11-03,SKU10,280,56,28,295
2025-11-03,SKU11,129,0,42,236
2025-11-03,SKU12,22,8,35,52
2025-11-10,SKU01,283,0,7,90
2025-11-10,SKU02,288,132,7,172
2025-11-10,SKU03,123,73,14,192
2025-11-10,SKU04,259,0,14,203
2025-11-10,SKU05,110,0,14,121
2025-11-10,SKU06,69,27,21,105
2025-11-10,SKU07,243,49,14,128
2025-11-10,SKU08,577,0,7,174
2025-11-10,SKU09,70,0,14,37
2025-11-10,SKU10,126,0,28,300
2025-11-10,SKU11,148,32,42,250
2025-11-10,SKU12,25,0,35,49
2025-11-17,SKU01,109,0,7,85
2025-11-17,SKU02,455,0,7,171
2025-11-17,SKU03,288,73,14,191
2025-11-17,SKU04,288,81,14,211
2025-11-17,SKU05,123,50,14,131
2025-11-17,SKU06,53,30,21,118
2025-11-17,SKU07,99,0,14,128
2025-11-17,SKU08,217,0,7,179
2025-11-17,SKU09,24,0,14,36
2025-11-17,SKU10,123,0,28,300
2025-11-17,SKU11,139,31,42,248
2025-11-17,SKU12,35,0,35,49
2025-11-24,SKU01,311,0,7,88
2025-11-24,SKU02,297,132,7,172
2025-11-24,SKU03,199,0,14,192
2025-11-24,SKU04,246,0,14,212
2025-11-24,SKU05,92,51,14,134
2025-11-24,SKU06,122,0,21,130
2025-11-24,SKU07,188,0,14,126
2025-11-24,SKU08,346,0,7,177
2025-11-24,SKU09,44,12,14,32
2025-11-24,SKU10,231,58,28,301
2025-11-24,SKU11,137,0,42,246
2025-11-24,SKU12,23,8,35,53
2025-12-01,SKU01,186,0,7,89
2025-12-01,SKU02,390,0,7,171
2025-12-01,SKU03,333,73,14,191
2025-12-01,SKU04,309,86,14,225
2025-12-01,SKU05,118,0,14,134
2025-12-01,SKU06,76,35,21,139
2025-12-01,SKU07,130,0,14,126
2025-12-01,SKU08,221,133,7,173
2025-12-01,SKU09,29,0,14,29
2025-12-01,SKU10,121,0,28,304
2025-12-01,SKU11,92,0,42,265
2025-12-01,SKU12,22,9,35,60
2025-12-08,SKU01,104,0,7,86
2025-12-08,SKU02,293,0,7,167
2025-12-08,SKU03,295,0,14,182
2025-12-08,SKU04,339,88,14,229
2025-12-08,SKU05,184,0,14,131
2025-12-08,SKU06,101,35,21,139
2025-12-08,SKU07,181,0,14,125
2025-12-08,SKU08,398,0,7,172
2025-12-08,SKU09,46,0,14,28
2025-12-08,SKU10,170,58,28,306
2025-12-08,SKU11,162,0,42,265
2025-12-08,SKU12,29,9,35,59
2025-12-15,SKU01,195,0,7,78
2025-12-15,SKU02,602,123,7,160
2025-12-15,SKU03,264,0,14,175
2025-12-15,SKU04,276,0,14,217
2025-12-15,SKU05,133,51,14,134
2025-12-15,SKU06,178,35,21,139
2025-12-15,SKU07,206,0,14,118
2025-12-15,SKU08,339,0,7,163
2025-12-15,SKU09,34,0,14,28
2025-12-15,SKU10,271,0,28,284
2025-12-15,SKU11,71,32,42,253
2025-12-15,SKU12,29,9,35,64
2025-12-22,SKU01,239,0,7,82
2025-12-22,SKU02,443,124,7,161
2025-12-22,SKU03,250,0,14,178
2025-12-22,SKU04,170,0,14,227
2025-12-22,SKU05,186,0,14,143
2025-12-22,SKU06,145,0,21,156
2025-12-22,SKU07,125,44,14,115
2025-12-22,SKU08,540,0,7,163
2025-12-22,SKU09,52,0,14,30
2025-12-22,SKU10,116,52,28,274
2025-12-22,SKU11,85,0,42,258
2025-12-22,SKU12,54,0,35,73
2025-12-29,SKU01,66,0,7,86
2025-12-29,SKU02,405,0,7,175
2025-12-29,SKU03,58,21,14,188
2025-12-29,SKU04,826,0,14,238
2025-12-29,SKU05,207,59,14,154
2025-12-29,SKU06,54,0,21,176
2025-12-29,SKU07,196,24,14,127
2025-12-29,SKU08,328,0,7,170
2025-12-29,SKU09,204,0,14,33
2025-12-29,SKU10,110,0,28,286
2025-12-29,SKU11,224,0,42,277
2025-12-29,SKU12,143,0,35,93
